planejamento_id,client_id,client_name,mes_referencia,semana_referencia,canal,formato_conteudo,tema,objetivo_conteudo,pilar_conteudo,etapa_funil,briefing_resumo,status_planejamento,geracao_id,credito_id,responsavel_planejamento,responsavel_design,responsavel_copy,data_prevista,data_publicacao,link_briefing_drive,link_entrega_drive,observacao,data_criacao,data_atualizacao
516e07ab-77e4-4130-b617-7a994e6c7b85,FLUXAI_LABS_001,FluxAI Labs,2026-07,,instagram,reels,Direção Audiovisual (Reels) • Estratégico,,,,"🎯 OBJETIVO: Estabelecer autoridade da marca no segmento de tecnologia e educar o público sobre as tendências atuais.
💻 FORMATO: CARROSSEL
🔥 GANCHO: Exploração de como a tecnologia está revolucionando o mercado e impactando negócios locais.
Neste carrossel, exploramos as principais tendências tecnológicas que estão moldando o futuro dos negócios locais, destacando inovações que você não pode ignorar.
🚀 CTA: Descubra como aplicar essas tendências no seu negócio local!
📌 LEGENDA:
Acompanhe como a tecnologia está transformando o mercado! 🚀 #Inovação #Tecnologia #Negócios


⚠️ A pauta aborda conteúdos educacionais, respeitando as regras éticas do segmento e sem usar linguagem proibida.",DRAFT_PLANNING,516e07ab-77e4-4130-b617-7a994e6c7b85,,IA,Design,Copywriter,2026-07-10T15:00:00.000Z,,,,Gerado via IA,2026-07-07 14:23:36,2026-07-07 14:23:36
2fb446d0-46b7-491e-8819-976fcc9639b1,FLUXAI_LABS_001,FluxAI Labs,2026-07,,instagram,reels,Direção Audiovisual (Reels) • Estratégico,,,,"🎯 OBJETIVO: Posicionar Cliente como uma autoridade no mercado, explorando insights e tendências relevantes para o público.
💻 FORMATO: CARROSSEL
🔥 GANCHO: Descubra o que torna uma marca verdadeiramente influente no mercado atual.
No cenário atual, a autoridade de uma marca é construída através de conhecimento e conexão genuína com seu público. Vamos explorar como você pode se destacar.
🚀 CTA: Saiba mais sobre como podemos ajudar sua marca a crescer.
📌 LEGENDA:
Quer saber como se tornar uma referência no seu setor? Siga-nos para mais insights e compartilhe suas experiências nos comentários!


⚠️ A pauta deve ser desenvolvida considerando tendências verificáveis e dados do setor, sempre respeitando o tom de voz técnico e confiável.",DRAFT_PLANNING,2fb446d0-46b7-491e-8819-976fcc9639b1,,IA,Design,Copywriter,2026-07-10T21:30:00.000Z,,,,Gerado via IA,2026-07-07 14:23:44,2026-07-07 14:23:44
b6d59c18-98a3-4f71-88ae-9d7e3a9da388,FLUXAI_LABS_001,FluxAI Labs,2026-07,,instagram,reels,Direção Audiovisual (Reels) • Estratégico,,,,"🎯 OBJETIVO: Destacar a expertise do Cliente no setor de tecnologia, educando o público sobre as melhores práticas e inovações.
💻 FORMATO: CARROSSEL
🔥 GANCHO: Entenda como as principais empresas de tecnologia estão liderando o mercado.
Neste carrossel, exploramos as estratégias e tecnologias emergentes que estão moldando o futuro do setor. Descubra como posicionar sua marca de forma estratégica.
🚀 CTA: Acesse nosso link na bio para saber mais sobre como podemos ajudar sua empresa a escalar.
📌 LEGENDA:
Acompanhe o Cliente para mais insights sobre tecnologia e inovação. 🚀 #Tecnologia #Inovação #Autoridade


⚠️ Foco em conteúdo educativo e informativo, respeitando as diretrizes do CONAR e CDC.",DRAFT_PLANNING,b6d59c18-98a3-4f71-88ae-9d7e3a9da388,,IA,Design,Copywriter,2026-07-13T15:00:00.000Z,,,,Gerado via IA,2026-07-07 14:23:49,2026-07-07 14:23:49
7873d53b-8276-4ba3-a54b-d2237d1ce7d3,FLUXAI_LABS_001,FluxAI Labs,2026-07,,instagram,reels,Direção Audiovisual (Reels) • Estratégico,,,,"🎯 OBJETIVO: Estabelecer autoridade no segmento de tecnologia, destacando inovações e soluções que o cliente oferece.
💻 FORMATO: REELS
🔥 GANCHO: Descubra como a tecnologia está moldando o futuro e como sua empresa pode liderar essa transformação.
A tecnologia não é apenas uma ferramenta, é uma força transformadora. Veja como nossa abordagem inovadora pode posicionar sua empresa à frente.
🚀 CTA: Saiba mais sobre como podemos transformar seu negócio com inovação tecnológica. Clique no link da bio!
📌 LEGENDA:
Inovação é sobre estar à frente. 🚀 Descubra as soluções que estão transformando o setor tecnológico. #Tecnologia #Inovação #Autoridade


⚠️ Focar em dados verificáveis e cases de sucesso aprovados pelo cliente para garantir conformidade com as regras éticas.",DRAFT_PLANNING,7873d53b-8276-4ba3-a54b-d2237d1ce7d3,,IA,Design,Copywriter,2026-07-13T21:30:00.000Z,,,,Gerado via IA,2026-07-07 14:23:54,2026-07-07 14:23:54
e38c54a4-8e90-4265-8394-c85bb8b63373,FLUXAI_LABS_001,FluxAI Labs,2026-07,,instagram,reels,Direção Audiovisual (Reels) • Estratégico,,,,"🎯 OBJETIVO: Educar o público sobre a importância de construir autoridade e reputação no setor de tecnologia.
💻 FORMATO: CARROSSEL
🔥 GANCHO: Descubra como se destacar no mercado competitivo de tecnologia.
No mundo da tecnologia, construir autoridade é essencial para ganhar a confiança do público. Aprenda estratégias eficazes para se posicionar como uma referência no mercado.
🚀 CTA: Deslize para explorar as dicas e comece a construir sua autoridade hoje!
📌 LEGENDA:
Construir uma reputação sólida no mercado de tecnologia não é tarefa fácil, mas é possível com as estratégias certas. Mergulhe no nosso conteúdo e saiba como você pode se tornar uma referência no seu nicho.


⚠️ Conteúdo focado em educação e autoridade, alinhado com os pilares editoriais do nicho.",DRAFT_PLANNING,e38c54a4-8e90-4265-8394-c85bb8b63373,,IA,Design,Copywriter,2026-07-14T15:00:00.000Z,,,,Gerado via IA,2026-07-07 14:24:00,2026-07-07 14:24:00
6594d0fc-c1c1-4b76-8e3b-3d071e161b49,FLUXAI_LABS_001,FluxAI Labs,2026-07,,instagram,reels,Direção Audiovisual (Reels) • Estratégico,,,,"🎯 OBJETIVO: Estabelecer a autoridade do cliente como líder no segmento de tecnologia através de insights educacionais e práticas recomendadas.
💻 FORMATO: CARROSSEL
🔥 GANCHO: Descubra as melhores práticas para destacar sua marca no competitivo mercado de tecnologia.
Aprenda estratégias essenciais para posicionar sua marca como líder no setor de tecnologia. Desde a construção de uma identidade forte até a comunicação eficaz com seu público.
🚀 CTA: Saiba mais sobre como se destacar no mercado com nossas dicas. Comente quais estratégias você já utiliza!
📌 LEGENDA:
Posicione sua marca como protagonista no mercado de tecnologia com estas dicas práticas e comprovadas. #Tecnologia #MarketingDigital #Autoridade


⚠️ Conteúdo deve seguir as diretrizes do CONAR e não utilizar linguagem proibida. Foco em autoridade e educação, alinhando com os pilares editoriais.",DRAFT_PLANNING,6594d0fc-c1c1-4b76-8e3b-3d071e161b49,,IA,Design,Copywriter,2026-07-14T21:30:00.000Z,,,,Gerado via IA,2026-07-07 14:24:05,2026-07-07 14:24:05
fa3d5314-95fa-4174-bdf4-e646f1560828,FLUXAI_LABS_001,FluxAI Labs,2026-07,,instagram,reels,Direção Audiovisual (Reels) • Estratégico,,,,"🎯 OBJETIVO: Educar o público sobre estratégias eficazes para ganhar autoridade no mercado de tecnologia.
💻 FORMATO: CARROSSEL
🔥 GANCHO: Descubra como marcas líderes se destacam no mundo da tecnologia.
Para se destacar no mercado de tecnologia, construir autoridade é essencial. Explore estratégias comprovadas que podem transformar sua presença de mercado.
🚀 CTA: Deslize para aprender como construir a autoridade da sua marca.
📌 LEGENDA:
Quer saber como grandes marcas de tecnologia conquistam autoridade? Confira nosso carrossel para descobrir as melhores práticas. #AutoridadeEmTecnologia #MarcaForte


⚠️ Focar em dicas práticas e exemplos verificáveis de empresas reconhecidas no setor de tecnologia. Evitar exageros e promessas não comprovadas.",DRAFT_PLANNING,fa3d5314-95fa-4174-bdf4-e646f1560828,,IA,Design,Copywriter,2026-07-15T15:00:00.000Z,,,,Gerado via IA,2026-07-07 14:24:11,2026-07-07 14:24:11
cacb77d7-cb70-42be-a54d-44b0ec64fa2e,FLUXAI_LABS_001,FluxAI Labs,2026-07,,instagram,reels,Direção Audiovisual (Reels) • Estratégico,,,,"🎯 OBJETIVO: Educar e estabelecer autoridade sobre as tendências tecnológicas atuais.
💻 FORMATO: CARROSSEL
🔥 GANCHO: Descubra as inovações que estão moldando o futuro e como você pode se preparar.
A tecnologia não para de evoluir e impactar diferentes áreas. Vamos explorar as principais tendências que estão moldando o mercado e como você pode se adaptar a essas mudanças.
🚀 CTA: Siga-nos para mais insights tecnológicos!
📌 LEGENDA:
Acompanhe nosso perfil para ficar por dentro das últimas novidades em tecnologia e como aplicá-las no seu dia a dia. #Tecnologia #Inovação #Futuro


⚠️ A pauta foca em educação e autoridade, alinhando com o objetivo de escala no funil atual.",DRAFT_PLANNING,cacb77d7-cb70-42be-a54d-44b0ec64fa2e,,IA,Design,Copywriter,2026-07-15T21:30:00.000Z,,,,Gerado via IA,2026-07-07 14:24:16,2026-07-07 14:24:16
ba351285-d890-4691-b366-54f684ae571f,FLUXAI_LABS_001,FluxAI Labs,2026-07,,instagram,reels,Direção Audiovisual (Reels) • Estratégico,,,,"🎯 OBJETIVO: Estabelecer a marca como uma referência de autoridade no segmento de tecnologia, destacando cases de sucesso e expertise comprovada.
💻 FORMATO: CARROSSEL
🔥 GANCHO: Você sabia que 70% dos consumidores confiam mais em marcas que apresentam provas sociais e cases de sucesso?
Neste carrossel, exploramos como a autoridade no segmento de tecnologia pode ser construída através de estratégias comprovadas e cases de sucesso. Descubra o impacto da confiança e da expertise no crescimento da sua marca.
🚀 CTA: Acesse nosso perfil para mais insights e cases de sucesso!
📌 LEGENDA:
Quer saber mais sobre como podemos ajudar sua marca a se destacar? Acompanhe nosso conteúdo e fique por dentro das melhores práticas do mercado!


⚠️ Este conteúdo deve focar em cases de sucesso já aprovados pelo cliente, respeitando a confidencialidade e as regras de consentimento.",DRAFT_PLANNING,ba351285-d890-4691-b366-54f684ae571f,,IA,Design,Copywriter,2026-07-16T15:00:00.000Z,,,,Gerado via IA,2026-07-07 14:24:21,2026-07-07 14:24:21
8361c68a-cc02-4bf3-b5d0-3506b85659b1,FLUXAI_LABS_001,FluxAI Labs,2026-07,,instagram,reels,Direção Audiovisual (Reels) • Estratégico,,,,"🎯 OBJETIVO: Aumentar a autoridade do cliente no segmento de tecnologia, demonstrando conhecimento profundo e experiência comprovada.
💻 FORMATO: CARROSSEL
🔥 GANCHO: Descubra as estratégias que os líderes de tecnologia usam para se destacar no mercado.
No dinâmico mundo da tecnologia, tornar-se referência é essencial para se destacar. Neste carrossel, exploramos estratégias comprovadas para fortalecer sua autoridade e influenciar seu público-alvo.
🚀 CTA: Comente suas estratégias para se consolidar como autoridade no setor!
📌 LEGENDA:
Conquistar o reconhecimento no setor de tecnologia requer uma combinação de inovação, consistência e liderança. Quais estratégias você usa para se destacar? Comente abaixo! #Tecnologia #Liderança #Autoridade


⚠️ A pauta está alinhada com o objetivo de escalar a autoridade do cliente e respeitar as regras do segmento, focando em conteúdo educativo e informativo.",DRAFT_PLANNING,8361c68a-cc02-4bf3-b5d0-3506b85659b1,,IA,Design,Copywriter,2026-07-16T21:30:00.000Z,,,,Gerado via IA,2026-07-07 14:24:27,2026-07-07 14:24:27
508f96b6-5d43-45f1-b38f-3db425555d9e,FLUXAI_LABS_001,FluxAI Labs,2026-07,,instagram,reels,Direção Audiovisual (Reels) • Estratégico,,,,"🎯 OBJETIVO: Educar o público sobre os primeiros passos para a implementação de estratégias de transformação digital em empresas do segmento de tecnologia.
💻 FORMATO: CARROSSEL
🔥 GANCHO: Você sabia que a transformação digital pode ser o diferencial que sua empresa precisa?
Neste carrossel, vamos explorar como a transformação digital pode ser iniciada em sua empresa, abordando desde o planejamento estratégico até as ferramentas essenciais.
🚀 CTA: Clique no link da bio para saber mais sobre como a transformação digital pode beneficiar seu negócio.
📌 LEGENDA:
A transformação digital é mais que uma tendência, é uma necessidade. Descubra como começar e fique à frente no mercado!


⚠️ Este conteúdo visa reforçar a autoridade da marca ao educar o público sobre um tema central no segmento de tecnologia. Devemos garantir que todas as informações sejam verificáveis, sem promessas exageradas.",DRAFT_PLANNING,508f96b6-5d43-45f1-b38f-3db425555d9e,,IA,Design,Copywriter,2026-07-17T15:00:00.000Z,,,,Gerado via IA,2026-07-07 14:24:32,2026-07-07 14:24:32
640cdad3-8e52-4f06-82b4-36b847a4249e,FLUXAI_LABS_001,FluxAI Labs,2026-07,,instagram,reels,Direção Audiovisual (Reels) • Estratégico,,,,"🎯 OBJETIVO: Educar o público sobre como a tecnologia pode alavancar negócios e estabelecer autoridade no setor.
💻 FORMATO: CARROSSEL
🔥 GANCHO: Transforme seu negócio com tecnologia de ponta.
Descubra como a tecnologia impulsiona o crescimento empresarial e melhora a eficiência dos negócios.
🚀 CTA: Saiba mais sobre como integrar tecnologia ao seu negócio.
📌 LEGENDA:
A tecnologia é o motor do crescimento moderno. Invista no futuro da sua empresa hoje.


⚠️ Esta pauta reforça a autoridade da marca no setor de tecnologia, alinhando-se ao objetivo de escala e autoridade.",DRAFT_PLANNING,640cdad3-8e52-4f06-82b4-36b847a4249e,,IA,Design,Copywriter,2026-07-17T21:30:00.000Z,,,,Gerado via IA,2026-07-07 14:24:39,2026-07-07 14:24:39
29f8ca7f-d111-4842-bf30-beb729ba2377,FLUXAI_LABS_001,FluxAI Labs,2026-07,,instagram,carrossel,Estrutura Narrativa (Carrossel) • Estratégico,,,,"🎯 OBJETIVO: Estabelecer a marca como referência no segmento de tecnologia, aumentando o reconhecimento e engajamento do público.
💻 FORMATO: CARROSSEL
🔥 GANCHO: Como se destacar no competitivo mercado de tecnologia?
Descubra estratégias comprovadas para construir autoridade e escalar sua presença no setor de tecnologia.
🚀 CTA: Clique no link da bio para saber mais sobre como podemos ajudar sua marca a crescer no mercado de tecnologia.
📌 LEGENDA:
A sua marca está pronta para liderar? Veja como a expertise e a estratégia certa podem fazer a diferença.#Tecnologia #Autoridade #Crescimento


⚠️ Focar em dados e exemplos reais para reforçar a autoridade. Evitar promessas vagas e não comprovadas.",DRAFT_PLANNING,29f8ca7f-d111-4842-bf30-beb729ba2377,,IA,Design,Copywriter,2026-07-20T15:00:00.000Z,,,,Gerado via IA,2026-07-07 14:24:44,2026-07-07 14:24:44
7a438c21-155f-46c8-9b1f-ce70da50e075,FLUXAI_LABS_001,FluxAI Labs,2026-07,,instagram,carrossel,Estrutura Narrativa (Carrossel) • Estratégico,,,,"🎯 OBJETIVO: Demonstrar a importância da tecnologia na transformação de negócios locais, reforçando a autoridade do Cliente no segmento.
💻 FORMATO: CARROSSEL
🔥 GANCHO: Transforme seu negócio local com tecnologia!
Explore como a tecnologia pode dar um novo fôlego ao seu negócio local. Descubra cases de sucesso e dicas práticas para implementar soluções tecnológicas que fazem a diferença.
🚀 CTA: Descubra como! Clique no link na bio para mais informações.
📌 LEGENDA:
A tecnologia é a chave para o crescimento sustentável. Fique à frente da concorrência implementando soluções inovadoras que realmente funcionam.


⚠️ Esta pauta foca em estabelecer autoridade, é educativa e respeita as regras éticas do segmento.",DRAFT_PLANNING,7a438c21-155f-46c8-9b1f-ce70da50e075,,IA,Design,Copywriter,2026-07-20T21:30:00.000Z,,,,Gerado via IA,2026-07-07 14:24:49,2026-07-07 14:24:49
53f68f22-f6c8-4d81-8c39-167e350c203e,FLUXAI_LABS_001,FluxAI Labs,2026-07,,instagram,carrossel,Estrutura Narrativa (Carrossel) • Estratégico,,,,"🎯 OBJETIVO: Estabelecer autoridade no segmento ao discutir inovações tecnológicas e sua aplicação prática.
💻 FORMATO: CARROSSEL
🔥 GANCHO: Como as últimas inovações tecnológicas estão transformando o setor de [Segmento do Cliente].
Explore como a tecnologia está redefinindo paradigmas no setor de [Segmento do Cliente], trazendo eficiência e inovação.
🚀 CTA: Saiba mais e fique à frente!
📌 LEGENDA:
Descubra como a tecnologia está moldando o futuro do nosso setor e como você pode se beneficiar dessas mudanças.


⚠️ Certifique-se de incluir exemplos de inovações específicas e como elas estão sendo aplicadas no segmento do cliente.",DRAFT_PLANNING,53f68f22-f6c8-4d81-8c39-167e350c203e,,IA,Design,Copywriter,2026-07-21T15:00:00.000Z,,,,Gerado via IA,2026-07-07 14:24:53,2026-07-07 14:24:53
92eb49b8-4211-420a-b660-7f368ed2f929,FLUXAI_LABS_001,FluxAI Labs,2026-07,,instagram,carrossel,Estrutura Narrativa (Carrossel) • Estratégico,,,,"🎯 OBJETIVO: Educar o público sobre a importância da inovação constante em tecnologia, fortalecendo a autoridade da marca.
💻 FORMATO: CARROSSEL
🔥 GANCHO: Você está acompanhando as últimas tendências tecnológicas?
Entenda como as inovações tecnológicas impactam o mercado e por que é crucial estar sempre atualizado. Descubra dicas práticas para se manter na vanguarda.
🚀 CTA: Siga nosso perfil para mais conteúdo exclusivo sobre tecnologia!
📌 LEGENDA:
Acompanhar as tendências não é apenas uma escolha, mas uma necessidade no mundo tecnológico. Quer saber mais? Acompanhe nosso perfil para dicas e insights exclusivos! #Inovacao #Tecnologia #Educacao


⚠️ A pauta foca em educação e autoridade, respeitando o escopo e as regras do segmento. Sem serviços extras vinculados.",DRAFT_PLANNING,92eb49b8-4211-420a-b660-7f368ed2f929,,IA,Design,Copywriter,2026-07-21T21:30:00.000Z,,,,Gerado via IA,2026-07-07 14:24:58,2026-07-07 14:24:58
0fd7eb05-b5c3-4f17-b1e5-679bfa4db13a,FLUXAI_LABS_001,FluxAI Labs,2026-07,,instagram,carrossel,Estrutura Narrativa (Carrossel) • Estratégico,,,,"🎯 OBJETIVO: Educar e engajar o público sobre como se posicionar como autoridade no setor de tecnologia.
💻 FORMATO: CARROSSEL
🔥 GANCHO: Dicas práticas de especialistas para se destacar no mercado tecnológico.
Descubra estratégias fundamentais para se tornar uma referência em tecnologia. Este carrossel traz insights de especialistas que vão ajudar você a se posicionar como um líder inovador no mercado.
🚀 CTA: Saiba mais sobre como se destacar no mercado clicando no link na bio!
📌 LEGENDA:
Quer ser um líder no setor de tecnologia? Confira nossas dicas essenciais e comece sua jornada rumo à autoridade no mercado. #Tecnologia #Liderança #Inovação


⚠️ Focar em dicas práticas e exemplos reais para agregar valor ao conteúdo.",DRAFT_PLANNING,0fd7eb05-b5c3-4f17-b1e5-679bfa4db13a,,IA,Design,Copywriter,2026-07-22T15:00:00.000Z,,,,Gerado via IA,2026-07-07 14:25:03,2026-07-07 14:25:03
fd9a10c0-99b8-4219-b371-2e13a2e266e8,FLUXAI_LABS_001,FluxAI Labs,2026-07,,instagram,carrossel,Estrutura Narrativa (Carrossel) • Estratégico,,,,"🎯 OBJETIVO: Educar o público sobre a importância da tecnologia para o crescimento de negócios locais, estabelecendo a autoridade da marca no segmento.
💻 FORMATO: CARROSSEL
🔥 GANCHO: Descubra como a tecnologia pode ser a chave para o sucesso do seu negócio.
A tecnologia transforma negócios locais. Veja como você pode se beneficiar.
🚀 CTA: Clique no link da bio para saber mais sobre como podemos ajudar seu negócio a crescer!
📌 LEGENDA:
Autoridade se constrói com conhecimento. Veja como a tecnologia pode transformar seu negócio.


⚠️ Esta pauta foca na construção de autoridade e educação do público sobre os benefícios da tecnologia, sem promessas exageradas.",DRAFT_PLANNING,fd9a10c0-99b8-4219-b371-2e13a2e266e8,,IA,Design,Copywriter,2026-07-22T21:30:00.000Z,,,,Gerado via IA,2026-07-07 14:25:09,2026-07-07 14:25:09
038273c6-af03-4665-a4e1-570534cbbbd5,FLUXAI_LABS_001,FluxAI Labs,2026-07,,instagram,carrossel,Estrutura Narrativa (Carrossel) • Estratégico,,,,"🎯 OBJETIVO: Educar e inspirar o público sobre o impacto positivo da tecnologia nos negócios locais, estabelecendo a autoridade do Cliente no segmento.
💻 FORMATO: CARROSSEL
🔥 GANCHO: Explorar as últimas tendências tecnológicas e como elas podem impulsionar o crescimento dos negócios locais.
Neste carrossel, descubra as principais inovações tecnológicas que estão moldando o futuro dos negócios locais e como você pode se beneficiar delas.
🚀 CTA: Veja o carrossel completo e compartilhe sua opinião nos comentários!
📌 LEGENDA:
A tecnologia não é mais opcional, é essencial. Saiba como integrá-la ao seu negócio local e veja os resultados!


⚠️ Focar em dados verificáveis e exemplos concretos para sustentar os argumentos apresentados no carrossel.",DRAFT_PLANNING,038273c6-af03-4665-a4e1-570534cbbbd5,,IA,Design,Copywriter,2026-07-23T15:00:00.000Z,,,,Gerado via IA,2026-07-07 14:25:14,2026-07-07 14:25:14
17db5be0-a217-4a3a-add6-3b96e051d42e,FLUXAI_LABS_001,FluxAI Labs,2026-07,,instagram,carrossel,Estrutura Narrativa (Carrossel) • Estratégico,,,,"🎯 OBJETIVO: Educar o público sobre como construir autoridade no segmento por meio de estratégias comprovadas.
💻 FORMATO: CARROSSEL
🔥 GANCHO: Descubra as estratégias que líderes do setor usam para se destacar.
Aprenda as práticas essenciais para se estabelecer como uma referência no seu mercado. Vamos explorar táticas que ajudam a aumentar sua autoridade e engajamento com o público.
🚀 CTA: Confira nosso guia e comece a aplicar essas estratégias hoje!
📌 LEGENDA:
Quer ser uma autoridade no seu segmento? Comece aplicando essas estratégias agora mesmo! 💡 #Autoridade #EstratégiaDeMercado


⚠️ A pauta foca em conteúdo educativo para reforçar a autoridade da marca, respeitando as regras éticas do segmento.",DRAFT_PLANNING,17db5be0-a217-4a3a-add6-3b96e051d42e,,IA,Design,Copywriter,2026-07-23T21:30:00.000Z,,,,Gerado via IA,2026-07-07 14:25:19,2026-07-07 14:25:19
c3d5cd26-1776-459d-89fe-68bc7075d45b,FLUXAI_LABS_001,FluxAI Labs,2026-07,,instagram,story,Fluxo Estratégico de Stories • Estratégico,,,,"🎯 OBJETIVO: Educar o público sobre estratégias de otimização digital que aumentam a autoridade da marca.
💻 FORMATO: CARROSSEL
🔥 GANCHO: Destaque-se no meio digital com técnicas comprovadas.
Neste carrossel, exploramos métodos eficazes para otimizar sua presença online e consolidar autoridade no mercado.
🚀 CTA: Saiba mais sobre como aumentar sua autoridade digital!
📌 LEGENDA:
Descubra como construir uma presença digital forte e aumentar sua autoridade no mercado. 🏆 #PresençaDigital #AutoridadeOnline #MarketingDigital


⚠️ Incluir dados verificáveis e exemplos reais.",DRAFT_PLANNING,c3d5cd26-1776-459d-89fe-68bc7075d45b,,IA,Design,Copywriter,2026-07-24T15:00:00.000Z,,,,Gerado via IA,2026-07-07 14:25:24,2026-07-07 14:25:24
d9e70751-baf7-48cd-bb70-2f516c905078,FLUXAI_LABS_001,FluxAI Labs,2026-07,,instagram,story,Fluxo Estratégico de Stories • Estratégico,,,,"🎯 OBJETIVO: Destacar como o uso das soluções oferecidas pelo cliente pode aumentar a autoridade de uma empresa no mercado.
💻 FORMATO: CARROSSEL
🔥 GANCHO: Transforme sua presença de marca com estratégias comprovadas.
Descubra como a aplicação de nossas soluções pode posicionar sua marca como líder no setor.
🚀 CTA: Saiba mais sobre como podemos ajudar na sua jornada de liderança de mercado.
📌 LEGENDA:
Aumente sua autoridade de mercado com soluções que fazem a diferença. #AutoridadeDeMercado #MarcaLíder


⚠️ A pauta foca em autoridade, alinhada com o objetivo do mês e os pilares editoriais.",DRAFT_PLANNING,d9e70751-baf7-48cd-bb70-2f516c905078,,IA,Design,Copywriter,2026-07-24T21:30:00.000Z,,,,Gerado via IA,2026-07-07 14:25:29,2026-07-07 14:25:29
f64f515c-38bb-467e-b17e-1247378e6e77,FLUXAI_LABS_001,FluxAI Labs,2026-07,,instagram,story,Fluxo Estratégico de Stories • Estratégico,,,,"🎯 OBJETIVO: Educar o público sobre como construir autoridade de marca e escalar negócios no segmento de tecnologia.
💻 FORMATO: CARROSSEL
🔥 GANCHO: Você sabia que a autoridade de marca pode ser a chave para o sucesso no mercado competitivo de tecnologia?
Explore estratégias práticas e comprovadas que podem ajudar a sua marca a se destacar e a crescer no mercado de tecnologia.
🚀 CTA: Descubra mais sobre nosso processo consultivo nos comentários ou envie uma mensagem direta para começar a transformar sua presença no mercado.
📌 LEGENDA:
Domine o mercado com autoridade e confiança. Veja como aplicar essas estratégias ao seu negócio!


⚠️ Focar em dados verificados e cases com consentimento para ilustrar as estratégias.",DRAFT_PLANNING,f64f515c-38bb-467e-b17e-1247378e6e77,,IA,Design,Copywriter,2026-07-27T15:00:00.000Z,,,,Gerado via IA,2026-07-07 14:25:34,2026-07-07 14:25:34
cb49e77f-1cde-4dfb-8b84-7a57173aaf37,FLUXAI_LABS_001,FluxAI Labs,2026-07,,instagram,story,Fluxo Estratégico de Stories • Estratégico,,,,"🎯 OBJETIVO: Educar o público sobre o impacto positivo da tecnologia nos negócios locais, construindo autoridade da marca no segmento.
💻 FORMATO: CARROSSEL
🔥 GANCHO: Transforme seu negócio local com inovação tecnológica.
Veja como a adoção de tecnologias inovadoras pode alavancar o sucesso do seu negócio local.
🚀 CTA: Saiba mais sobre como integrar tecnologia no seu negócio. Envie-nos uma mensagem!
📌 LEGENDA:
A tecnologia é a chave para a evolução do seu negócio. Descubra como implementá-la de forma eficaz e se destacar no mercado.


⚠️ Focar em exemplos práticos de transformação tecnológica com cases reais, se possível, sempre respeitando o consentimento.",DRAFT_PLANNING,cb49e77f-1cde-4dfb-8b84-7a57173aaf37,,IA,Design,Copywriter,2026-07-27T21:30:00.000Z,,,,Gerado via IA,2026-07-07 14:25:38,2026-07-07 14:25:38
251e6178-9846-44e2-b7f1-7d935adb758e,FLUXAI_LABS_001,FluxAI Labs,2026-07,,instagram,story,Fluxo Estratégico de Stories • Estratégico,,,,"🎯 OBJETIVO: Demonstrar autoridade e educar o público sobre os benefícios tangíveis de nossa solução tecnológica.
💻 FORMATO: CARROSSEL
🔥 GANCHO: Descubra como você pode alavancar seus resultados com nossa tecnologia de ponta.
Explore como nossa solução tecnológica pode otimizar processos e aumentar a eficiência do seu negócio, com dados e testemunhos reais.
🚀 CTA: Clique no link na bio para saber mais sobre como podemos ajudar sua empresa a crescer.
📌 LEGENDA:
Sua empresa pronta para o futuro! Conheça as vantagens da nossa tecnologia e como ela pode transformar seu negócio. #Tecnologia #Inovação #Eficiência


⚠️ Focar em dados e testemunhos que mostrem resultados comprovados sem exageros ou promessas vazias.",DRAFT_PLANNING,251e6178-9846-44e2-b7f1-7d935adb758e,,IA,Design,Copywriter,2026-07-28T15:00:00.000Z,,,,Gerado via IA,2026-07-07 14:25:44,2026-07-07 14:25:44
61ec07bb-aaa9-466c-a1f3-91af103b54b9,FLUXAI_LABS_001,FluxAI Labs,2026-07,,instagram,story,Fluxo Estratégico de Stories • Estratégico,,,,"🎯 OBJETIVO: Educar e demonstrar estratégias práticas para aumentar a autoridade da marca no segmento de tecnologia.
💻 FORMATO: CARROSSEL
🔥 GANCHO: Descubra estratégias comprovadas para se destacar no mercado de tecnologia!
A autoridade é essencial para se diferenciar no competitivo mercado de tecnologia. Neste carrossel, exploramos táticas eficazes que sua marca pode implementar agora mesmo.
🚀 CTA: Confira as dicas e aplique na sua estratégia hoje mesmo!
📌 LEGENDA:
Conquistar autoridade no mercado de tecnologia é uma jornada contínua. Aplique essas estratégias e veja sua marca se destacar. Para mais insights, acompanhe nosso perfil! #Autoridade #Tecnologia #EstratégiaDeMarca


⚠️ Focar em estratégias práticas e exemplos reais de sucesso no mercado de tecnologia, evitando exageros ou promessas não comprovadas.",DRAFT_PLANNING,61ec07bb-aaa9-466c-a1f3-91af103b54b9,,IA,Design,Copywriter,2026-07-28T21:30:00.000Z,,,,Gerado via IA,2026-07-07 14:25:50,2026-07-07 14:25:50
a932df77-8811-4143-9f33-3c893fa2adbf,FLUXAI_LABS_001,FluxAI Labs,2026-07,,instagram,story,Fluxo Estratégico de Stories • Estratégico,,,,"🎯 OBJETIVO: Educar o público sobre as principais inovações tecnológicas que estão moldando o mercado e posicionar a marca como uma autoridade no assunto.
💻 FORMATO: CARROSSEL
🔥 GANCHO: A tecnologia está mudando rapidamente o cenário de negócios. Descubra como essas inovações podem impactar o seu setor.
Exploraremos as principais tendências tecnológicas como IA, Big Data e Automação que estão redefinindo o mercado.
🚀 CTA: Saiba mais sobre como essas tendências podem beneficiar seu negócio.
📌 LEGENDA:
A tecnologia não é apenas o futuro, é o presente. Esteja à frente e prepare-se para as mudanças. 🚀 #Tecnologia #Inovação #Autoridade


⚠️ Foco em dados e informações verificáveis para garantir posicionamento como autoridade.",DRAFT_PLANNING,a932df77-8811-4143-9f33-3c893fa2adbf,,IA,Design,Copywriter,2026-07-29T15:00:00.000Z,,,,Gerado via IA,2026-07-07 14:25:55,2026-07-07 14:25:55
c11e2dde-5770-4d38-9007-a1c09db69e9b,FLUXAI_LABS_001,FluxAI Labs,2026-07,,instagram,story,Fluxo Estratégico de Stories • Estratégico,,,,"🎯 OBJETIVO: Demonstrar como a tecnologia pode ser uma aliada poderosa para o crescimento de negócios, reforçando a autoridade da marca no segmento.
💻 FORMATO: CARROSSEL
🔥 GANCHO: Você sabia que a tecnologia não é apenas uma ferramenta, mas um motor de crescimento para empresas de sucesso?
Descubra como empresas líderes utilizam a tecnologia para escalar seus negócios e como você pode seguir o mesmo caminho.
🚀 CTA: Descubra como aplicar essas estratégias no seu negócio hoje!
📌 LEGENDA:
Transforme a tecnologia na sua aliada de crescimento. Explore estratégias comprovadas e aumente sua autoridade no mercado.


⚠️ A pauta deve focar em cases de sucesso e dados verificados para educar e inspirar o público, respeitando as regras do CONAR e do CDC.",DRAFT_PLANNING,c11e2dde-5770-4d38-9007-a1c09db69e9b,,IA,Design,Copywriter,2026-07-29T21:30:00.000Z,,,,Gerado via IA,2026-07-07 14:26:00,2026-07-07 14:26:00
234dbf39-1c48-450e-9d43-a75e4c46ea9a,FLUXAI_LABS_001,FluxAI Labs,2026-07,,instagram,story,Fluxo Estratégico de Stories • Estratégico,,,,"🎯 OBJETIVO: Demonstrar a expertise e autoridade do Cliente no segmento de tecnologia através de insights práticos e cases de sucesso.
💻 FORMATO: CARROSSEL
🔥 GANCHO: Descubra como se destacar no mercado tecnológico com estratégias comprovadas.
Apresentamos estratégias que posicionam sua marca como líder de mercado, utilizando dados concretos e cases com resultados expressivos.
🚀 CTA: Clique no link na bio para saber mais sobre como podemos ajudar sua empresa a liderar no mercado.
📌 LEGENDA:
A autoridade não é construída da noite para o dia, mas com estratégias sólidas e comprovadas. 🏆 #Tecnologia #Autoridade #Estratégia


⚠️ Focar em dados concretos e cases de sucesso previamente aprovados pelo cliente.",DRAFT_PLANNING,234dbf39-1c48-450e-9d43-a75e4c46ea9a,,IA,Design,Copywriter,2026-07-30T15:00:00.000Z,,,,Gerado via IA,2026-07-07 14:26:05,2026-07-07 14:26:05
8ff93e69-37a0-46a8-be91-83f3d4ecec21,FLUXAI_LABS_001,FluxAI Labs,2026-07,,instagram,story,Fluxo Estratégico de Stories • Estratégico,,,,"🎯 OBJETIVO: Educar o público sobre estratégias eficazes para construir e escalar autoridade na presença digital.
💻 FORMATO: CARROSSEL
🔥 GANCHO: Descubra como se destacar no mercado com autoridade comprovada!
Neste carrossel, apresentamos estratégias práticas para escalar sua presença digital de forma autoritativa e eficaz. Veja como líderes de mercado usam táticas comprovadas para fortalecer sua marca.
🚀 CTA: Veja o carrossel completo e comece a aplicar essas estratégias hoje mesmo!
📌 LEGENDA:
Quer dominar sua presença digital com autoridade? 🚀 Confira o carrossel e descubra as estratégias essenciais! #AutoridadeDigital #EstratégiaDeSucesso


⚠️ Focar em dicas acionáveis e exemplos práticos para facilitar a aplicação das estratégias pelo público.",DRAFT_PLANNING,8ff93e69-37a0-46a8-be91-83f3d4ecec21,,IA,Design,Copywriter,2026-07-30T21:30:00.000Z,,,,Gerado via IA,2026-07-07 14:26:11,2026-07-07 14:26:11
2fc9f348-612f-461f-9048-6d0ecac0fbfe,FLUXAI_LABS_001,FluxAI Labs,2026-07,,instagram,story,Fluxo Estratégico de Stories • Estratégico,,,,"🎯 OBJETIVO: Fortalecer a autoridade da marca e engajar o público com conteúdo educativo.
💻 FORMATO: CARROSSEL
🔥 GANCHO: Descubra como se destacar no mercado de tecnologia com estratégias comprovadas.
Em um setor tão dinâmico como a tecnologia, construir autoridade é essencial. Veja dicas práticas e cases de sucesso.
🚀 CTA: Clique no link da bio para saber mais sobre nossas soluções!
📌 LEGENDA:
No mundo da tecnologia, a autoridade é construída com estratégia e conhecimento. 💡 Veja como sua marca pode se destacar! #AutoridadeTecnológica #EstratégiaDigital


⚠️ Focar na educação e conexão com o público, sem promessas exageradas ou linguagem proibida.",DRAFT_PLANNING,2fc9f348-612f-461f-9048-6d0ecac0fbfe,,IA,Design,Copywriter,2026-07-31T15:00:00.000Z,,,,Gerado via IA,2026-07-07 14:26:16,2026-07-07 14:26:16
8b6f3075-a76f-4f54-9e8c-413e4c969b34,FLUXAI_LABS_001,FluxAI Labs,2026-07,,instagram,story,Fluxo Estratégico de Stories • Estratégico,,,,"🎯 OBJETIVO: Demonstrar expertise do Cliente no setor de tecnologia e educar o público sobre tendências atuais.
💻 FORMATO: CARROSSEL
🔥 GANCHO: Descubra como se destacar no competitivo setor de tecnologia.
O setor de tecnologia está em constante evolução. Para se manter relevante, é crucial não apenas acompanhar as tendências, mas também liderar mudanças. Vamos explorar como você pode construir autoridade e confiança em sua marca.
🚀 CTA: Clique aqui para aprender mais sobre como podemos ajudar sua marca a crescer.
📌 LEGENDA:
Neste carrossel, abordamos estratégias comprovadas para estabelecer autoridade no setor de tecnologia. Siga-nos para mais insights e transforme seu conhecimento em poder de mercado.


⚠️ Foco na educação do público e demonstração de autoridade. Conteúdo deve ser validado internamente antes de seguir para aprovação do cliente.",DRAFT_PLANNING,8b6f3075-a76f-4f54-9e8c-413e4c969b34,,IA,Design,Copywriter,2026-07-31T21:30:00.000Z,,,,Gerado via IA,2026-07-07 14:26:21,2026-07-07 14:26:21
fce23afc-02d9-45ca-8b4a-009c08984c75,FLUXAI_LABS_001,FluxAI Labs,2026-07,,instagram,story,Fluxo Estratégico de Stories • Estratégico,,,,"🎯 OBJETIVO: Demonstrar autoridade e educar o público sobre estratégias eficazes no segmento.
💻 FORMATO: CARROSSEL
🔥 GANCHO: Descubra estratégias que os líderes do setor estão usando para se destacar.
Explore as táticas que podem impulsionar seu posicionamento e autoridade no mercado. Vamos mostrar como líderes do setor obtêm sucesso com estratégias comprovadas.
🚀 CTA: Descubra mais estratégias como estas. Deixe um comentário ou entre em contato conosco para mais informações.
📌 LEGENDA:
A excelência é alcançável com as estratégias certas. Aprenda com os melhores e destaque-se no seu segmento. #Autoridade #Excelência #Estratégia


⚠️ A pauta está alinhada com os pilares de Autoridade e Educação, focando na escala e reforço de autoridade do cliente no setor.",DRAFT_PLANNING,fce23afc-02d9-45ca-8b4a-009c08984c75,,IA,Design,Copywriter,2026-08-03T15:00:00.000Z,,,,Gerado via IA,2026-07-07 14:26:25,2026-07-07 14:26:25
b1d0eb21-2ad9-4762-97d9-9041cfcb84c6,FLUXAI_LABS_001,FluxAI Labs,2026-07,,instagram,story,Fluxo Estratégico de Stories • Estratégico,,,,"🎯 OBJETIVO: Educar o público sobre a importância da tecnologia na transformação de negócios e fortalecer a autoridade do Cliente no segmento.
💻 FORMATO: CARROSSEL
🔥 GANCHO: A transformação digital não é mais uma escolha, mas uma necessidade para empresas que buscam se destacar. Descubra como a tecnologia está moldando novos caminhos para o sucesso.
Acompanhe como a implementação de soluções tecnológicas pode revolucionar o seu negócio. Conheça exemplos reais e inspire-se para levar sua empresa ao próximo nível.
🚀 CTA: Descubra mais sobre como podemos ajudar a transformar sua empresa. 🔗 Link na bio
📌 LEGENDA:
A tecnologia não é apenas uma ferramenta, mas um diferencial competitivo. Esteja à frente e transforme seu negócio hoje mesmo.


⚠️ A pauta deve enfatizar casos reais de sucesso em transformação digital, alinhando ao expertise do Cliente no segmento.",DRAFT_PLANNING,b1d0eb21-2ad9-4762-97d9-9041cfcb84c6,,IA,Design,Copywriter,2026-08-03T21:30:00.000Z,,,,Gerado via IA,2026-07-07 14:26:30,2026-07-07 14:26:30
265788d0-c684-47d0-ae66-341d8436cb54,FLUXAI_LABS_001,FluxAI Labs,2026-07,,instagram,story,Fluxo Estratégico de Stories • Estratégico,,,,"🎯 OBJETIVO: Educar e conectar-se com o público, destacando a expertise e a autoridade do Cliente no segmento.
💻 FORMATO: CARROSSEL
🔥 GANCHO: Como se destacar e ganhar credibilidade em um mercado saturado?
Neste carrossel, exploramos estratégias-chave para construir e manter autoridade no mundo digital, com insights práticos e dados do setor.
🚀 CTA: Saiba mais sobre como podemos ajudar você a se destacar. Acesse nosso link na bio e entre em contato!
📌 LEGENDA:
Construir autoridade não é apenas ser reconhecido; é ser confiável. Descubra como elevar sua presença digital. 🚀


⚠️ Foco em dados verificados e insights do setor para reforçar a autoridade.",DRAFT_PLANNING,265788d0-c684-47d0-ae66-341d8436cb54,,IA,Design,Copywriter,2026-08-04T15:00:00.000Z,,,,Gerado via IA,2026-07-07 14:26:36,2026-07-07 14:26:36
53d8687f-93f8-4239-9ca7-12df0df79efb,FLUXAI_LABS_001,FluxAI Labs,2026-07,,instagram,story,Fluxo Estratégico de Stories • Estratégico,,,,"🎯 OBJETIVO: Demonstrar autoridade no segmento compartilhando estratégias testadas e comprovadas.
💻 FORMATO: CARROSSEL
🔥 GANCHO: Você sabia que pequenas mudanças podem escalar sua autoridade de forma significativa?
Descubra como estratégias validadas podem transformar a percepção da sua marca no mercado.
🚀 CTA: Aprenda mais sobre estratégias de autoridade: [link na bio]
📌 LEGENDA:
Aumente sua autoridade com táticas que realmente funcionam. Conheça estratégias que transformam!


⚠️ Focar em dados e exemplos reais para reforçar credibilidade.",DRAFT_PLANNING,53d8687f-93f8-4239-9ca7-12df0df79efb,,IA,Design,Copywriter,2026-08-04T21:30:00.000Z,,,,Gerado via IA,2026-07-07 14:26:41,2026-07-07 14:26:41
2193ef5b-579b-4f49-9ec7-fa964fe87157,FLUXAI_LABS_001,FluxAI Labs,2026-07,,instagram,story,Fluxo Estratégico de Stories • Estratégico,,,,"🎯 OBJETIVO: Demonstrar autoridade em estratégias de crescimento para negócios locais, educando o público sobre métodos eficazes.
💻 FORMATO: CARROSSEL
🔥 GANCHO: Descubra como algumas das marcas locais mais bem-sucedidas estão escalando seus negócios de forma eficaz.
Você sabia que existem estratégias específicas para escalar negócios locais com sucesso? Aprenda com especialistas e veja exemplos reais.
🚀 CTA: Saiba mais clicando no link da bio!
📌 LEGENDA:
Explore as melhores estratégias de escala para seu negócio local! 🔍💼 #EstratégiaDeCrescimento #NegóciosLocais #Autoridade


⚠️ Este conteúdo foca em educar e posicionar a marca como referência em estratégias de crescimento local, respeitando as regras éticas do nicho.",DRAFT_PLANNING,2193ef5b-579b-4f49-9ec7-fa964fe87157,,IA,Design,Copywriter,2026-08-05T15:00:00.000Z,,,,Gerado via IA,2026-07-07 14:26:46,2026-07-07 14:26:46
f7003ed4-5ed1-445c-9c7b-b502aae46f5b,FLUXAI_LABS_001,FluxAI Labs,2026-07,,instagram,story,Fluxo Estratégico de Stories • Estratégico,,,,"🎯 OBJETIVO: Estabelecer autoridade e educar o público sobre a importância de um posicionamento forte no mercado.
💻 FORMATO: CARROSSEL
🔥 GANCHO: Quer se destacar no seu mercado e ser reconhecido como referência?
Descubra as estratégias para consolidar sua presença e autoridade no mercado, garantindo que sua marca seja sempre lembrada.
🚀 CTA: Clique no link da bio para saber mais sobre como fortalecer sua marca!
📌 LEGENDA:
Estabelecer autoridade não é apenas ser visto, mas ser lembrado. Invista em posicionamento estratégico e veja sua marca se destacar. #Autoridade #Posicionamento #Liderança


⚠️ Conteúdo alinhado com o objetivo de escala e autoridade, focando em educar o público sobre a importância do posicionamento estratégico.",DRAFT_PLANNING,f7003ed4-5ed1-445c-9c7b-b502aae46f5b,,IA,Design,Copywriter,2026-08-05T21:30:00.000Z,,,,Gerado via IA,2026-07-07 14:26:51,2026-07-07 14:26:51
24891d72-d3c9-40a0-bb85-ac833d138910,FLUXAI_LABS_001,FluxAI Labs,2026-07,,instagram,story,Fluxo Estratégico de Stories • Estratégico,,,,"🎯 OBJETIVO: Demonstrar autoridade e educar o público sobre como transformar desafios comuns em oportunidades de crescimento.
💻 FORMATO: CARROSSEL
🔥 GANCHO: Muitas empresas enfrentam desafios semelhantes no mercado atual. Descubra como transformá-los em oportunidades!
No mercado competitivo de hoje, enfrentar desafios é inevitável. Mas você pode transformá-los em oportunidades de crescimento. Vamos explorar estratégias comprovadas para ajudar sua empresa a se destacar.
🚀 CTA: Descubra como aplicar essas estratégias no seu negócio hoje!
📌 LEGENDA:
Desafios são inevitáveis, mas com a estratégia certa, eles podem se tornar seus maiores aliados. Pronto para transformar o seu negócio? #EstratégiaDeCrescimento #AutoridadeNoMercado


⚠️ A pauta foca em educar e estabelecer autoridade, sem prometer resultados irreais, alinhada aos pilares de Autoridade e Educação.",DRAFT_PLANNING,24891d72-d3c9-40a0-bb85-ac833d138910,,IA,Design,Copywriter,2026-08-06T15:00:00.000Z,,,,Gerado via IA,2026-07-07 14:26:56,2026-07-07 14:26:56
dea3d4c0-3927-40d5-8918-5b103eefcc41,FLUXAI_LABS_001,FluxAI Labs,2026-07,,instagram,story,Fluxo Estratégico de Stories • Estratégico,,,,"🎯 OBJETIVO: Demonstrar autoridade no segmento ao compartilhar estratégias práticas que o cliente pode aplicar, reforçando a confiança e promovendo a conversão.
💻 FORMATO: CARROSSEL
🔥 GANCHO: Aprenda com quem entende do assunto: estratégias que realmente funcionam para se destacar no mercado.
Descubra como [Cliente] utiliza práticas comprovadas para se destacar e conquistar autoridade em [Segmento].
🚀 CTA: Veja nossa abordagem completa e comece a aplicar hoje mesmo!
📌 LEGENDA:
Quer se destacar no seu mercado? Siga as estratégias que já testamos e aprovamos. Não perca tempo! #AutoridadeEmAção #EstratégiaComprovada


⚠️ Foco em estratégias comprovadas e práticas. Evitar promessas não verificáveis. Garantir que o conteúdo seja educativo e com dados verificáveis.",DRAFT_PLANNING,dea3d4c0-3927-40d5-8918-5b103eefcc41,,IA,Design,Copywriter,2026-08-06T21:30:00.000Z,,,,Gerado via IA,2026-07-07 14:27:01,2026-07-07 14:27:01
22ce9f89-52e8-407a-9383-2d5ed982d350,FLUXAI_LABS_001,FluxAI Labs,2026-07,,instagram,post_estatico,Direção Estratégica Visual (Card) • Estratégico,,,,"🎯 OBJETIVO: Demonstrar autoridade no uso estratégico do Instagram e educar o público sobre práticas avançadas.
💻 FORMATO: CARROSSEL
🔥 GANCHO: Com o algoritmo em constante evolução, dominar o Instagram tornou-se essencial para se destacar.
Aprenda as estratégias mais eficazes para aumentar seu engajamento e alcance no Instagram em 2026.
🚀 CTA: Clique no link da bio para baixar nosso guia completo!
📌 LEGENDA:
Está pronto para levar seu perfil para o próximo nível? Descubra as técnicas que estão moldando o futuro do Instagram.


⚠️ Focar em práticas que respeitam as diretrizes do Instagram e que já têm comprovação de eficácia.",DRAFT_PLANNING,22ce9f89-52e8-407a-9383-2d5ed982d350,,IA,Design,Copywriter,2026-08-07T15:00:00.000Z,,,,Gerado via IA,2026-07-07 14:27:06,2026-07-07 14:27:06
68d7f557-109b-4864-ace2-21351668b692,FLUXAI_LABS_001,FluxAI Labs,2026-07,,instagram,post_estatico,Direção Estratégica Visual (Card) • Estratégico,,,,"🎯 OBJETIVO: Fortalecer a autoridade do cliente dentro do segmento, promovendo insights valiosos e diferenciadores.
💻 FORMATO: CARROSSEL
🔥 GANCHO: Descubra como se destacar no seu mercado com técnicas comprovadas.
No competitivo mundo dos negócios, posicionar-se como uma autoridade no seu nicho é crucial. Neste carrossel, exploramos estratégias avançadas que podem alavancar sua influência e consolidar sua presença. Aprenda métodos que já transformaram carreiras e veja como aplicá-los ao seu contexto.
🚀 CTA: Quer saber mais? Comente abaixo ou envie-nos uma mensagem!
📌 LEGENDA:
Domine seu nicho com estratégias de quem entende do assunto. 🚀 #Autoridade #CrescimentoProfissional


⚠️ O conteúdo deve ser revisado para manter conformidade com as normas do CONAR e garantir que não haja promessas não comprovadas.",DRAFT_PLANNING,68d7f557-109b-4864-ace2-21351668b692,,IA,Design,Copywriter,2026-08-07T21:30:00.000Z,,,,Gerado via IA,2026-07-07 14:27:11,2026-07-07 14:27:11
edc2d9f0-b521-426e-b512-0c6e23de117c,FLUXAI_LABS_001,FluxAI Labs,2026-07,,instagram,post_estatico,Direção Estratégica Visual (Card) • Estratégico,,,,"🎯 OBJETIVO: Demonstrar autoridade e expertise no segmento de tecnologia, educando o público sobre as inovações e tendências que estão moldando o mercado.
💻 FORMATO: CARROSSEL
🔥 GANCHO: Explore as principais inovações tecnológicas que estão redefinindo padrões e criando novas oportunidades no mercado.
O mercado está em constante evolução graças à tecnologia. Descubra como essas inovações estão impactando negócios e criando novas possibilidades.
🚀 CTA: Saiba mais sobre como sua empresa pode se beneficiar dessas inovações. Clique no link na bio!
📌 LEGENDA:
🔍 Acompanhe as tendências e fique à frente no mercado com insights tecnológicos exclusivos! #Inovação #Tecnologia #Mercado


⚠️ Focar em dados verificáveis e exemplos reais de inovações no mercado de tecnologia.",DRAFT_PLANNING,edc2d9f0-b521-426e-b512-0c6e23de117c,,IA,Design,Copywriter,2026-08-10T15:00:00.000Z,,,,Gerado via IA,2026-07-07 14:27:16,2026-07-07 14:27:16
8e134483-e6e7-4716-9b55-905646757293,FLUXAI_LABS_001,FluxAI Labs,2026-07,,instagram,post_estatico,Direção Estratégica Visual (Card) • Estratégico,,,,"🎯 OBJETIVO: Reforçar a autoridade da marca no segmento de tecnologia, destacando expertise e conhecimento profundo, enquanto engaja o público no meio do funil.
💻 FORMATO: CARROSSEL
🔥 GANCHO: Você sabia que a autoridade no mercado de tecnologia pode ser seu maior diferencial?
Neste carrossel, exploramos como empresas no setor de tecnologia podem construir e manter uma reputação de autoridade. Descubra estratégias comprovadas e exemplos reais.
🚀 CTA: Clique no link da bio para saber mais sobre como podemos ajudar sua marca a alcançar o próximo nível.
📌 LEGENDA:
Quer ser visto como uma autoridade em tecnologia? Comece a implementar essas estratégias hoje e colha os resultados! #AutoridadeEmTech #EstratégiaDigital


⚠️ Alinhar conteúdo com exemplos práticos e dados comprováveis para reforçar a credibilidade.",DRAFT_PLANNING,8e134483-e6e7-4716-9b55-905646757293,,IA,Design,Copywriter,2026-08-10T21:30:00.000Z,,,,Gerado via IA,2026-07-07 14:27:21,2026-07-07 14:27:21
10039545-4c99-4b1c-8635-8ab18dda9bd8,FLUXAI_LABS_001,FluxAI Labs,2026-07,,outro,anuncio,Estratégia de Aquisição (Tráfego) • Estratégico,,,,"🎯 OBJETIVO: Demonstrar a eficácia e a autoridade do nosso serviço no segmento através de cases e dados verificáveis.
💻 FORMATO: CARROSSEL
🔥 GANCHO: Apresentação de cases de sucesso que destacam nosso impacto e autoridade no mercado.
Neste carrossel, vamos explorar como nosso serviço tem revolucionado operações, trazendo resultados concretos e escaláveis para nossos clientes.
🚀 CTA: Saiba mais sobre como podemos transformar seu negócio.
📌 LEGENDA:
Empresas que confiaram em nosso serviço observam transformações reais e mensuráveis. Descubra o que podemos fazer pela sua operação.


⚠️ Utilizar dados e depoimentos de clientes com consentimento para potencializar a autoridade e credibilidade.",DRAFT_PLANNING,10039545-4c99-4b1c-8635-8ab18dda9bd8,,IA,Design,Copywriter,2026-08-11T12:00:00.000Z,,,,Gerado via IA,2026-07-07 14:27:26,2026-07-07 14:27:26
d635085c-1096-4c64-9df8-bfd781db7791,FLUXAI_LABS_001,FluxAI Labs,2026-07,,outro,anuncio,Estratégia de Aquisição (Tráfego) • Estratégico,,,,"🎯 OBJETIVO: Aumentar a percepção de autoridade e escalar o alcance da marca usando exemplos de tecnologia aplicada ao atendimento ao cliente.
💻 FORMATO: CARROSSEL
🔥 GANCHO: Descubra como a tecnologia está redefinindo a experiência do cliente e impulsionando resultados.
O uso estratégico de tecnologia no atendimento ao cliente pode ser um divisor de águas para empresas que buscam escalar e se diferenciar no mercado. Vamos explorar os principais benefícios e como você pode aplicá-los em sua operação.
🚀 CTA: Solicite uma demonstração e veja como podemos transformar seu atendimento ao cliente.
📌 LEGENDA:
Transforme seu atendimento ao cliente com tecnologia de ponta. Saiba como inovar e encantar seus clientes.


⚠️ Focar em dados verificados e cases de sucesso com consentimento, respeitando as regras éticas do nicho.",DRAFT_PLANNING,d635085c-1096-4c64-9df8-bfd781db7791,,IA,Design,Copywriter,2026-08-11T18:00:00.000Z,,,,Gerado via IA,2026-07-07 14:27:32,2026-07-07 14:27:32
c0fa1bf4-ce59-4f24-ab6c-fca838d237b2,FLUXAI_LABS_001,FluxAI Labs,2026-07,,outro,anuncio,Estratégia de Aquisição (Tráfego) • Estratégico,,,,"🎯 OBJETIVO: Fortalecer a percepção de autoridade da marca no segmento de tecnologia, destacando diferenciais técnicos e casos de sucesso.
💻 FORMATO: CARROSSEL
🔥 GANCHO: Como a inovação tecnológica impulsiona o crescimento e a autoridade de marcas líderes.
Descubra como a tecnologia pode transformar sua marca em uma autoridade no mercado. Vamos explorar estratégias e casos de sucesso que comprovam a eficácia de soluções tecnológicas de ponta.
🚀 CTA: Aprenda com nossos cases e descubra como podemos ajudar sua marca a crescer com tecnologia!
📌 LEGENDA:
A tecnologia está no centro da transformação de negócios. Veja como marcas líderes estão aproveitando para escalar e se destacar como autoridades em seus segmentos. #Tecnologia #Autoridade #Inovação


⚠️ Trabalhar com elementos visuais que reforcem a inovação e a liderança tecnológica do cliente. Incluir dados e exemplos reais para fortalecer a autoridade.",DRAFT_PLANNING,c0fa1bf4-ce59-4f24-ab6c-fca838d237b2,,IA,Design,Copywriter,2026-08-12T12:00:00.000Z,,,,Gerado via IA,2026-07-07 14:27:37,2026-07-07 14:27:37
34591f66-bff5-44fd-93af-1e2efb06e324,FLUXAI_LABS_001,FluxAI Labs,2026-07,,outro,outro,Infraestrutura Analítica • Estratégico,,,,"🎯 OBJETIVO: Demonstrar a importância da análise de dados para a estratégia de negócios e consolidar autoridade no segmento
💻 FORMATO: CARROSSEL
🔥 GANCHO: A análise de dados não é apenas uma tendência; é uma necessidade estratégica para empresas que buscam crescer de forma sustentável.
Entenda como a análise de dados pode transformar a estratégia da sua empresa e quais são os primeiros passos para implementar um sistema eficaz.
🚀 CTA: Leia nosso artigo completo no blog e descubra como implementar a análise de dados na sua empresa.
📌 LEGENDA:
A análise de dados oferece insights valiosos que podem guiar sua empresa rumo ao sucesso. Quer saber mais sobre como aplicar essa estratégia? Fique atento às nossas próximas publicações!


⚠️ Esta pauta visa fortalecer a percepção de autoridade da empresa no uso estratégico de dados, respeitando as diretrizes do CONAR e evitando promessas não comprovadas.",DRAFT_PLANNING,34591f66-bff5-44fd-93af-1e2efb06e324,,IA,Design,Copywriter,2026-08-12T18:00:00.000Z,,,,Gerado via IA,2026-07-07 14:27:41,2026-07-07 14:27:41
3873f98f-a0f6-4ac0-92c0-2757f3e48ab7,FLUXAI_LABS_001,FluxAI Labs,2026-07,,outro,outro,Arquitetura de Posicionamento • Estratégico,,,,"🎯 OBJETIVO: Demonstrar a expertise e a autoridade da empresa no segmento de tecnologia, destacando inovações e cases de sucesso.
💻 FORMATO: CARROSSEL
🔥 GANCHO: Descubra como a [Nome da Empresa] está liderando o mercado de tecnologia com soluções inovadoras.
A [Nome da Empresa] tem se destacado no setor de tecnologia por meio de inovações que redefinem o mercado. Neste carrossel, vamos explorar como nossas soluções têm transformado negócios e impulsionado resultados.
🚀 CTA: Clique no link para conhecer nossos cases de sucesso e agendar uma demonstração.
📌 LEGENDA:
Acompanhe nosso trabalho e veja como podemos transformar o seu negócio com nossas soluções tecnológicas. 🚀 #Tecnologia #Inovação #Autoridade


⚠️ Focar em dados verificáveis e cases com consentimento. Evitar promessas não comprovadas.",DRAFT_PLANNING,3873f98f-a0f6-4ac0-92c0-2757f3e48ab7,,IA,Design,Copywriter,2026-08-13T12:00:00.000Z,,,,Gerado via IA,2026-07-07 14:27:45,2026-07-07 14:27:45
8d6c7373-e242-4c7a-8217-ab454c3653d0,FLUXAI_LABS_001,FluxAI Labs,2026-07,,instagram,post_estatico,Direção Estratégica Visual (Card) • Estratégico,,,,"🎯 OBJETIVO: Educar o público sobre as principais inovações tecnológicas e como elas impactam a vida cotidiana, reforçando a autoridade do cliente no segmento.
💻 FORMATO: CARROSSEL
🔥 GANCHO: As inovações tecnológicas não param de surpreender e transformar nossas rotinas. Vamos explorar as que estão mudando o jogo!
A tecnologia está em constante evolução, trazendo soluções que facilitam nossa vida diária. Neste carrossel, descubra as inovações mais impactantes e como podem beneficiar você!
🚀 CTA: Clique nas setas e descubra a tecnologia que pode transformar seu cotidiano!
📌 LEGENDA:
Explore como a tecnologia pode ser sua aliada no dia a dia. Siga-nos para mais insights e atualizações sobre inovações. #Tecnologia #Inovação #Autoridade


⚠️ Este conteúdo foca em educar e afirmar autoridade, seguindo os pilares do nicho e o escopo contratado.",DRAFT_PLANNING,8d6c7373-e242-4c7a-8217-ab454c3653d0,,IA,Design,Copywriter,2026-08-13T21:30:00.000Z,,,,Gerado via IA,2026-07-07 14:27:50,2026-07-07 14:27:50
19833d26-1f22-44d2-8897-5ea4b25b3235,FLUXAI_LABS_001,FluxAI Labs,2026-07,,linkedin,outro,Publicação Estratégica B2B (LinkedIn) • Estratégico,,,,"🎯 OBJETIVO: Demonstrar autoridade e fornecer insights acionáveis para líderes que desejam escalar suas operações de forma eficiente.
💻 FORMATO: CARROSSEL
🔥 GANCHO: Como os líderes do setor maximizaram suas operações e quais passos você pode seguir.
Explorar estratégias comprovadas para escalar operações, abordando desde otimização de processos até a implementação de tecnologias emergentes.
🚀 CTA: Descubra as estratégias que podem transformar seu negócio.
📌 LEGENDA:
Escalar não é apenas crescer, é evoluir. Descubra como líderes em seu segmento estão transformando operações e colhendo resultados notáveis.


⚠️ Focar em dados e cases verificáveis, respeitando as regras éticas do segmento.",DRAFT_PLANNING,19833d26-1f22-44d2-8897-5ea4b25b3235,,IA,Design,Copywriter,2026-08-14T12:00:00.000Z,,,,Gerado via IA,2026-07-07 14:27:54,2026-07-07 14:27:54
5365bb4e-2ac1-4957-896e-0bfa307ce689,FLUXAI_LABS_001,FluxAI Labs,2026-07,,linkedin,outro,Publicação Estratégica B2B (LinkedIn) • Estratégico,,,,"🎯 OBJETIVO: Educar o público sobre estratégias práticas para consolidar a autoridade de uma marca no mercado, utilizando exemplos e dados verificáveis.
💻 FORMATO: CARROSSEL
🔥 GANCHO: Como marcas líderes conquistam o mercado com autoridade e inovação?
Descubra estratégias validadas para solidificar sua presença no mercado e se destacar como uma autoridade em seu segmento.
🚀 CTA: Confira nossas estratégias e compartilhe sua experiência nos comentários!
📌 LEGENDA:
🧠 Aprenda com os líderes! Construa sua autoridade no mercado com estratégias comprovadas. #Autoridade #EstratégiaDeMercado


⚠️ Focar em dados concretos e evitar linguagem proibida. Utilizar cases com consentimento.",DRAFT_PLANNING,5365bb4e-2ac1-4957-896e-0bfa307ce689,,IA,Design,Copywriter,2026-08-14T18:00:00.000Z,,,,Gerado via IA,2026-07-07 14:27:59,2026-07-07 14:27:59
b1e5d8c6-459a-42e8-9d0a-a284c6f5e460,FLUXAI_LABS_001,FluxAI Labs,2026-07,,linkedin,outro,Publicação Estratégica B2B (LinkedIn) • Estratégico,,,,"🎯 OBJETIVO: Educar o público sobre as inovações tecnológicas que estão transformando o setor do cliente, estabelecendo a marca como referência no assunto.
💻 FORMATO: CARROSSEL
🔥 GANCHO: O futuro do [Segmento do Cliente] está acontecendo agora. Descubra como as últimas tendências tecnológicas estão moldando o mercado.
No mundo em constante evolução do [Segmento do Cliente], a tecnologia não é mais uma escolha, mas uma necessidade. Neste carrossel, exploramos as inovações que estão redefinindo o setor e como sua empresa pode se posicionar à frente.
🚀 CTA: Descubra como aplicar essas tecnologias na sua empresa. Clique no link na bio para saber mais.
📌 LEGENDA:
Acompanhe-nos para mais insights sobre como a tecnologia pode impulsionar seu negócio no [Segmento do Cliente]. #Inovação #Tecnologia


⚠️ Certificar-se de que todas as informações tecnológicas apresentadas são verificáveis e não prometer resultados garantidos.",DRAFT_PLANNING,b1e5d8c6-459a-42e8-9d0a-a284c6f5e460,,IA,Design,Copywriter,2026-08-17T12:00:00.000Z,,,,Gerado via IA,2026-07-07 14:28:03,2026-07-07 14:28:03
6dac24b6-97b4-4c34-a37b-e2cd170a8488,FLUXAI_LABS_001,FluxAI Labs,2026-07,,linkedin,outro,Publicação Estratégica B2B (LinkedIn) • Estratégico,,,,"🎯 OBJETIVO: Demonstrar a autoridade do cliente no uso estratégico de tecnologia para inovação em negócios tradicionais.
💻 FORMATO: CARROSSEL
🔥 GANCHO: Empresas tradicionais enfrentam o desafio de se adaptar às novas tecnologias. Entenda como a inovação pode ser a chave para a transformação.
A transformação digital não é mais uma tendência, mas uma necessidade para negócios que buscam permanecer competitivos. Neste carrossel, exploramos casos de sucesso, estratégias comprovadas e insights sobre como a tecnologia pode revolucionar empresas tradicionais.
🚀 CTA: Saiba mais sobre como implementar a transformação digital na sua empresa. Acesse nosso conteúdo completo no site!
📌 LEGENDA:
A inovação tecnológica é o motor que impulsiona o crescimento e a longevidade dos negócios modernos. Quer saber como aplicar essas estratégias na sua empresa? Fique por dentro das últimas novidades e tendências do setor.


⚠️ Explorar cases com consentimento e destacar soluções práticas.",DRAFT_PLANNING,6dac24b6-97b4-4c34-a37b-e2cd170a8488,,IA,Design,Copywriter,2026-08-17T18:00:00.000Z,,,,Gerado via IA,2026-07-07 14:28:07,2026-07-07 14:28:07
49e5f43f-d2fa-428f-b349-8eba63839230,FLUXAI_LABS_001,FluxAI Labs,2026-07,,linkedin,outro,Publicação Estratégica B2B (LinkedIn) • Estratégico,,,,"🎯 OBJETIVO: Educar o público sobre estratégias eficazes para estabelecer autoridade no setor de tecnologia, enquanto posiciona a marca do cliente como especialista confiável.
💻 FORMATO: CARROSSEL
🔥 GANCHO: A jornada para se tornar uma referência no setor de tecnologia começa aqui.
Descubra as melhores práticas para construir uma presença autoritária no setor de tecnologia. Dicas e insights que posicionam sua marca como líder de mercado.
🚀 CTA: Acesse nosso site para mais insights e comece sua jornada rumo à liderança no setor.
📌 LEGENDA:
Estabelecer autoridade não é apenas uma questão de presença, mas de impacto. Vamos juntos nessa jornada de liderança.


⚠️ Focar em conteúdo verificável e educativo, evitando exageros ou promessas não comprovadas.",DRAFT_PLANNING,49e5f43f-d2fa-428f-b349-8eba63839230,,IA,Design,Copywriter,2026-08-18T12:00:00.000Z,,,,Gerado via IA,2026-07-07 14:28:12,2026-07-07 14:28:12
badabcac-0f67-4b72-9116-b4106d48c859,FLUXAI_LABS_001,FluxAI Labs,2026-07,,linkedin,outro,Publicação Estratégica B2B (LinkedIn) • Estratégico,,,,"🎯 OBJETIVO: Demonstrar expertise e autoridade da empresa no segmento de tecnologia.
💻 FORMATO: CARROSSEL
🔥 GANCHO: Desvende as estratégias que levaram a [Nome da Empresa] a ser referência no mercado.
Compartilhamos nosso case de sucesso: como nos tornamos uma autoridade em tecnologia.
🚀 CTA: Saiba mais sobre como podemos ajudar sua empresa a crescer.
📌 LEGENDA:
Acompanhe o passo a passo das nossas estratégias e descubra como você também pode elevar sua autoridade no mercado.


⚠️ Utilizar dados e cases com consentimento devidamente obtidos. Evitar linguagem proibida e manter foco no meio e fundo do funil.",DRAFT_PLANNING,badabcac-0f67-4b72-9116-b4106d48c859,,IA,Design,Copywriter,2026-08-18T18:00:00.000Z,,,,Gerado via IA,2026-07-07 14:28:15,2026-07-07 14:28:15
529ee330-03f5-473d-8ee2-e2e8a8c9fb91,FLUXAI_LABS_001,FluxAI Labs,2026-07,,linkedin,outro,Publicação Estratégica B2B (LinkedIn) • Estratégico,,,,"🎯 OBJETIVO: Demonstrar autoridade e especialização no impacto da tecnologia no mercado, educando o público sobre tendências e inovações.
💻 FORMATO: CARROSSEL
🔥 GANCHO: Explore as últimas tendências tecnológicas que estão moldando o futuro do mercado.
Acompanhe as inovações tecnológicas que estão redefinindo o mercado e veja como sua empresa pode se manter à frente.
🚀 CTA: Descubra como sua empresa pode se adaptar a essas tendências tecnológicas!
📌 LEGENDA:
Entenda como as mudanças tecnológicas estão impactando o mercado e como você pode aproveitar essas tendências para crescer. #Tecnologia #Inovação #Autoridade


⚠️ Aproveitar para incluir dados e exemplos verificáveis sobre inovações tecnológicas atuais.",DRAFT_PLANNING,529ee330-03f5-473d-8ee2-e2e8a8c9fb91,,IA,Design,Copywriter,2026-08-19T12:00:00.000Z,,,,Gerado via IA,2026-07-07 14:28:20,2026-07-07 14:28:20
0018dc10-17fd-4ee3-9717-0b25ec16e03f,FLUXAI_LABS_001,FluxAI Labs,2026-07,,linkedin,outro,Publicação Estratégica B2B (LinkedIn) • Estratégico,,,,"🎯 OBJETIVO: Demonstrar expertise e estabelecer autoridade entre profissionais do setor de tecnologia.
💻 FORMATO: CARROSSEL
🔥 GANCHO: Como se destacar e ser reconhecido como uma autoridade em tecnologia?
Neste carrossel, iremos explorar estratégias comprovadas para construir e fortalecer sua autoridade no setor de tecnologia. Acompanhe dicas práticas e insights valiosos.
🚀 CTA: Descubra mais sobre como transformar sua presença no LinkedIn!
📌 LEGENDA:
Estabelecer-se como uma autoridade no setor de tecnologia não é uma tarefa fácil, mas com as estratégias certas, é possível alcançar o reconhecimento desejado. Confira as dicas acima e comece sua jornada rumo à liderança no mercado.


⚠️ Conteúdo focado em estratégias práticas e dicas acionáveis para o público do meio e fundo do funil.",DRAFT_PLANNING,0018dc10-17fd-4ee3-9717-0b25ec16e03f,,IA,Design,Copywriter,2026-08-19T18:00:00.000Z,,,,Gerado via IA,2026-07-07 14:28:25,2026-07-07 14:28:25
FLUXAI_LABS_001-b46de651,FLUXAI_LABS_001,FluxAI Labs,2026-07,,instagram,reels,Direção Audiovisual (Reels) • Estratégico,,,,"🎯 OBJETIVO: Educar o público sobre as inovações tecnológicas e posicionar a marca como referência na área.
💻 FORMATO: CARROSSEL
🔥 GANCHO: Desvende as últimas tendências tecnológicas que estão moldando o futuro.
A tecnologia está por toda parte e sua evolução é rápida. Neste carrossel, exploramos como as inovações estão impactando diretamente o nosso cotidiano e o que podemos esperar para os próximos anos.
🚀 CTA: Descubra mais sobre o impacto da tecnologia em nossas vidas. Siga-nos para não perder nenhuma atualização!
📌 LEGENDA:
A tecnologia não para de evoluir e nós também não. Fique por dentro das inovações e prepare-se para um futuro de possibilidades infinitas.


⚠️ Conteúdo educacional focado em aumentar a autoridade da marca no segmento tecnológico, respeitando as regras do CONAR.",DRAFT_PLANNING,FLUXAI_LABS_001-b46de651,,IA,Design,Copywriter,2026-08-20T15:00:00.000Z,,,,Gerado via IA,2026-07-07 16:10:42,2026-07-07 16:10:42
FLUXAI_LABS_001-5cfb16b0,FLUXAI_LABS_001,FluxAI Labs,2026-07,,instagram,reels,Direção Audiovisual (Reels) • Estratégico,,,,"🎯 OBJETIVO: Demonstrar autoridade no segmento ao apresentar tendências e inovações que estão moldando o mercado em 2026, atraindo a atenção de novos seguidores e engajando o público atual.
💻 FORMATO: CARROSSEL
🔥 GANCHO: O mercado está em constante evolução e 2026 já apresenta inovações que podem mudar a forma como fazemos negócios.
Neste carrossel, exploramos as principais inovações de 2026 que estão transformando o mercado. Descubra como essas tendências podem impactar seu negócio e como se preparar para elas.
🚀 CTA: Acompanhe nossas atualizações e não perca as próximas tendências!
📌 LEGENDA:
Fique por dentro das últimas inovações e prepare seu negócio para o futuro. #Inovação2026 #CrescimentoEmpresarial


⚠️ Conteúdo focado em demonstrar autoridade e engajamento, alinhado com o objetivo de escala e autoridade do mês.",DRAFT_PLANNING,FLUXAI_LABS_001-5cfb16b0,,IA,Design,Copywriter,2026-08-20T21:30:00.000Z,,,,Gerado via IA,2026-07-07 16:43:22,2026-07-07 16:43:22
FLUXAI_LABS_001-5fafeaa7,FLUXAI_LABS_001,FluxAI Labs,2026-07,,instagram,reels,Direção Audiovisual (Reels) • Estratégico,,,,"🎯 OBJETIVO: Educar o público sobre as inovações tecnológicas que impactam diretamente a experiência do usuário, fortalecendo a autoridade da marca no segmento de tecnologia.
💻 FORMATO: CARROSSEL
🔥 GANCHO: Descubra como a última geração de tecnologias está redefinindo a maneira como interagimos com o mundo digital.
Entre na nova era da experiência do usuário com inovações tecnológicas que estão mudando tudo. Aprenda como essas mudanças podem beneficiar diretamente seu dia a dia.
🚀 CTA: Clique no link da bio para saber mais sobre nossas soluções tecnológicas inovadoras!
📌 LEGENDA:
A tecnologia está transformando a maneira como vivemos e interagimos. Fique por dentro das tendências que estão moldando o futuro da experiência digital! #Tecnologia #Inovação #ExperiênciaDoUsuário


⚠️ Foco em apresentar dados verificáveis e inovações comprovadas, alinhando o conteúdo aos pilares editoriais de Autoridade e Educação.",DRAFT_PLANNING,FLUXAI_LABS_001-5fafeaa7,,IA,Design,Copywriter,2026-08-21T15:00:00.000Z,,,,Gerado via IA,2026-07-07 17:14:06,2026-07-07 17:14:06
FLUXAI_LABS_001-f54e3c88,FLUXAI_LABS_001,FluxAI Labs,2026-07,,instagram,reels,Direção Audiovisual (Reels) • Estratégico,,,,"🎯 OBJETIVO: Educar o público sobre o impacto positivo da tecnologia em negócios locais, aumentando a autoridade do cliente no segmento.
💻 FORMATO: CARROSSEL
🔥 GANCHO: Explore como a tecnologia está revolucionando o mercado local e como sua marca pode se beneficiar.
Descubra as principais inovações tecnológicas que estão mudando a forma como negócios locais operam e se conectam com seus clientes.
🚀 CTA: Saiba mais sobre como integrar tecnologia em seu negócio. Envie uma mensagem!
📌 LEGENDA:
A tecnologia é mais do que uma ferramenta; é a chave para evoluir e dominar o mercado local. Fique à frente e transforme seu negócio!


⚠️ Focar em exemplos práticos e dados verificáveis para reforçar a credibilidade.",DRAFT_PLANNING,FLUXAI_LABS_001-f54e3c88,,IA,Design,Copywriter,2026-08-21T21:30:00.000Z,,,,Gerado via IA,2026-07-07 17:35:40,2026-07-07 17:35:40
FLUXAI_LABS_001-f66b45a7,FLUXAI_LABS_001,FluxAI Labs,2026-07,,instagram,reels,Direção Audiovisual (Reels) • Estratégico,,,,"🎯 OBJETIVO: Educar e engajar o público sobre as tendências tecnológicas emergentes, estabelecendo autoridade no segmento.
💻 FORMATO: CARROSSEL
🔥 GANCHO: Explore as inovações que estão moldando o futuro da tecnologia no Brasil.
A tecnologia está em constante evolução e impactando diversos setores no Brasil. Vamos desvendar os mitos e revelar as tendências que estão por vir.
🚀 CTA: Clique no link da bio para saber mais!
📌 LEGENDA:
O futuro da tecnologia está aqui, e você pode fazer parte dessa transformação. Descubra como essas inovações podem impactar sua vida e seu negócio. #Tecnologia #Inovação #Futuro


⚠️ O conteúdo deve ser produzido considerando dados verificáveis e evitando promessas não comprovadas.",DRAFT_PLANNING,FLUXAI_LABS_001-f66b45a7,,IA,Design,Copywriter,2026-08-24T15:00:00.000Z,,,,Gerado via IA,2026-07-07 17:56:25,2026-07-07 17:56:25
FLUXAI_LABS_001-34ea3117,FLUXAI_LABS_001,FluxAI Labs,2026-07,,instagram,reels,Direção Audiovisual (Reels) • Estratégico,,,,"🎯 OBJETIVO: Educar o público sobre a importância de construir uma presença sólida no segmento XYZ e como isso pode ser alcançado.
💻 FORMATO: CARROSSEL
🔥 GANCHO: Você sabia que uma presença forte no segmento XYZ pode transformar o seu negócio?
Neste carrossel, vamos explorar as estratégias fundamentais para se tornar uma autoridade no segmento XYZ, destacando táticas comprovadas e dicas práticas.
🚀 CTA: Saiba mais sobre como se destacar e construir uma autoridade sólida em nosso blog. Link na bio!
📌 LEGENDA:
Descubra como líderes de mercado emergem como referências no segmento XYZ. Estratégia, consistência e inovação são chaves. 🚀 #AutoridadeXYZ #CrescimentoEstratégico


⚠️ A pauta foca em educação e autoridade, alinhando-se ao objetivo do mês de escalar e aumentar a autoridade do cliente no mercado.",DRAFT_PLANNING,FLUXAI_LABS_001-34ea3117,,IA,Design,Copywriter,2026-08-24T21:30:00.000Z,,,,Gerado via IA,2026-07-07 18:13:53,2026-07-07 18:13:53
FLUXAI_LABS_001-34ea3117,FLUXAI_LABS_001,FluxAI Labs,2026_07,,outro,reels,Direção Audiovisual (Reels) • Estratégico,,,,,enviado_cliente,FLUXAI_LABS_001-34ea3117,,Design,Design,Copywriter,,,,,,2026-07-07 18:16:59,2026-07-07 18:16:59
FLUXAI_LABS_001-f96a20db,FLUXAI_LABS_001,FluxAI Labs,2026-07,,instagram,reels,Direção Audiovisual (Reels) • Estratégico,,,,"🎯 OBJETIVO: Educar o público sobre como a tecnologia impacta positivamente o dia a dia, estabelecendo a marca como autoridade no segmento.
💻 FORMATO: CARROSSEL
🔥 GANCHO: Você sabe como a tecnologia que usamos diariamente evolui?
Descubra como as inovações tecnológicas transformam nosso cotidiano e impulsionam a eficiência em diversas áreas.
🚀 CTA: Saiba mais sobre inovação tecnológica nos comentários e compartilhe suas experiências!
📌 LEGENDA:
A tecnologia está presente em cada momento do nosso dia. 📱💻 Descubra como essas inovações nos ajudam a viver melhor e mais conectados.


⚠️ Aproveitar para gerar engajamento e discussão nos comentários, reforçando o papel da empresa como líder de pensamento no setor.",DRAFT_PLANNING,FLUXAI_LABS_001-f96a20db,,IA,Design,Copywriter,2026-08-24T21:30:00.000Z,,,,Gerado via IA,2026-07-07 18:30:05,2026-07-07 18:30:05
FLUXAI_LABS_001-f96a20db,FLUXAI_LABS_001,FluxAI Labs,2026_07,,outro,reels,Direção Audiovisual (Reels) • Estratégico,,,,,enviado_cliente,FLUXAI_LABS_001-f96a20db,,Estrategista,Design,Copywriter,,,,,,2026-07-07 18:31:40,2026-07-07 18:31:40
FLUXAI_LABS_001-34ea3117,FLUXAI_LABS_001,FluxAI Labs,2026_07,,outro,reels,Direção Audiovisual (Reels) • Estratégico,,,,,enviado_cliente,FLUXAI_LABS_001-34ea3117,,Audiovisual,Design,Copywriter,,,,,,2026-07-07 19:23:47,2026-07-07 19:23:47
FLUXAI_LABS_001-f96a20db,FLUXAI_LABS_001,FluxAI Labs,2026_07,,outro,reels,Direção Audiovisual (Reels) • Estratégico,,,,,aprovado_cliente,FLUXAI_LABS_001-f96a20db,,Design,Design,Copywriter,,,,,,2026-07-07 19:47:59,2026-07-07 19:47:59
FLUXAI_LABS_001-f96a20db,FLUXAI_LABS_001,FluxAI Labs,2026_07,,outro,reels,Direção Audiovisual (Reels) • Estratégico,,,,,aprovado_cliente,FLUXAI_LABS_001-f96a20db,,Design,Design,Copywriter,,,,,,2026-07-07 19:48:02,2026-07-07 19:48:02